Prix,Ville,Titre,Surface,Pieces,Chambres,SallesDeBain,TypeBien
877500.0,Casablanca,Bel appartement à vendre à Oulfa. Superficie 65 m²,65.0,,,,Appartement
1750000.0,Casablanca,Bel appartement à vendre à Mers Sultan. 2 chambres agréables,114.0,3.0,2.0,2.0,Appartement
2237000.0,Casablanca,Bel appartement de 127m² à vendre à Californie,127.0,4.0,3.0,2.0,Appartement
690001.0,Casablanca,Appartement en vente à Oulfa. Surface totale 45 m²,45.0,,2.0,2.0,Appartement
980000.0,Casablanca,Superbe appartement à vendre à Alsace Lorraine. 1 belle cham...,43.0,2.0,1.0,1.0,Appartement
2850000.0,Casablanca,Le luxe d'avoir 1 appartement par étage,136.0,3.0,3.0,2.0,Appartement
1540000.0,Casablanca,"Très bel appartement de 128 m2, Casa, Belvedere",128.0,4.0,2.0,2.0,Appartement
740000.0,El Jadida,Résidence Al Manar - Appartements de standing,,,,,
1520000.0,Casablanca,Appartement de 111m2 en vente avec place de parking de 13m2,111.0,5.0,3.0,2.0,Appartement
1472000.0,Casablanca,Appartement à vendre en plein centre de Casablanca,96.0,4.0,3.0,2.0,Appartement
1330000.0,Casablanca,Appartement à vendre. Surface de 101 m²,101.0,4.0,3.0,,Appartement
18500000.0,Casablanca,Villa Neuve Moderne de 733 m2 à Longchamps,733.0,7.0,4.0,3.0,Villa
1110000.0,Casablanca,Superbe appartement à vendre. Superficie 81 m²,81.0,3.0,2.0,2.0,Appartement
1490000.0,Casablanca,"Très bel appartement de 124 m2, Casa, Belvedere",124.0,4.0,2.0,2.0,Appartement
1540000.0,Casablanca,"Très bel appartement de 111 m2, Casa, Belvedere",111.0,5.0,3.0,2.0,Appartement
1410000.0,Casablanca,Bel appartement à vendre à Mers Sultan. 2 chambres,91.0,3.0,2.0,2.0,Appartement
19000000.0,Casablanca,Villa de 1400 m2 à Longchamps,1400.0,10.0,4.0,3.0,Villa
1460000.0,Casablanca,Appartement de 101 m2 en vente avec place de parki,101.0,4.0,2.0,2.0,Appartement
1500000.0,Casablanca,"Appartement de 108 m² en vente, place de parking titrée 13m²...",108.0,5.0,2.0,2.0,Appartement
1530000.0,Casablanca,Appartement de 111m2 en vente avec place de parking,111.0,5.0,3.0,2.0,Appartement
1520000.0,Casablanca,"Très bel appartement de 108 m2, Casa, Belvedere",108.0,4.0,2.0,2.0,Appartement
770500.0,Casablanca,Vend appartement à Oulfa. 3 chambres,67.0,,3.0,2.0,Appartement
28000000.0,Casablanca,Villa Ultra Moderne de 1633 m2 à Californie,1633.0,8.0,4.0,3.0,Villa
1400000.0,Casablanca,"Super appartement de 105 m2 Casablanca, Belvedere",105.0,4.0,2.0,2.0,Appartement
2300000.0,Casablanca,Maison R2 avec 2Magasins a vendre a hay ennour,84.0,4.0,2.0,2.0,Maison
1000000.0,Casablanca,"Appart 100 m² à hay osra, ain chock, Casa",100.0,5.0,3.0,1.0,Appartement
1230000.0,Casablanca,Appartement 91 m² à coté de bd Qods,91.0,1.0,2.0,2.0,Appartement
4200000.0,Casablanca,Superbe appartement à vendre à Ain Diab Extension,189.0,7.0,3.0,3.0,Appartement
1350000.0,Casablanca,Appartement 110 m² à France Ville 2,110.0,2.0,2.0,2.0,Appartement
6200000.0,Casablanca,Villa à vendre Anfa,375.0,10.0,5.0,6.0,Riad
2500000.0,Casablanca,Jnane Californie Appartement quasi neuf sans vis à vis,133.0,4.0,3.0,2.0,Appartement
5300000.0,Casablanca,Duplex à Racine ensoleillé,325.0,6.0,3.0,3.0,Appartement
6900000.0,Casablanca,Appartement vue sur mer,210.0,4.0,2.0,3.0,Appartement
6900000.0,Casablanca,Appartement vue sur mer,210.0,3.0,2.0,3.0,Appartement
,Casablanca,,,,,,
1520000.0,Casablanca,"Très bel appartement de 108 m2, Casa, Belvedere",108.0,4.0,2.0,2.0,Appartement
1460000.0,Casablanca,Appartement de 100m2 en vente avec place de parking titrée,100.0,5.0,2.0,2.0,Appartement
1300000.0,Casablanca,Appartement de 93m² en vente place de parking titrée de 13m²...,93.0,3.0,2.0,2.0,Appartement
2130000.0,Casablanca,Appartement avec une terrasse d'une superficie de 20m²,133.0,4.0,3.0,2.0,Appartement
820000.0,Casablanca,"Apartement de 85m² en vente, Résidence El Yassamine",85.0,4.0,3.0,2.0,Appartement
1800000.0,Casablanca,Vente d'un bel appartement à Californie. Surface de 145 m²,145.0,4.0,3.0,2.0,Appartement
7000.0,Casablanca,Vend appartement à Bernoussi. Superficie 70 m²,70.0,4.0,3.0,2.0,Appartement
1984500.0,Had Soualem,Pole Urbain Sahel T2 - Dernier lots à saisir !,,,,,
1330000.0,Casablanca,Appartement à vendre Rez de Jardin Surface de 127 m²,127.0,4.0,3.0,2.0,Appartement
1620000.0,Casablanca,Appartement de 148m2 en vente avec place de parking de 13 m2,148.0,5.0,3.0,2.0,Appartement
1650000.0,Casablanca,"Très bel appartement de 130 m2, Casa, Belvedere",130.0,4.0,2.0,2.0,Appartement
2121000.0,Casablanca,Très beau F3 à vendre à Californie,120.0,3.0,2.0,2.0,Appartement
3000000.0,Casablanca,Bel appartement à vendre de 4 chambres,200.0,5.0,4.0,3.0,Appartement
45000000.0,Casablanca,Villa à démolir à vendre sur Anfa Supérieur,2500.0,7.0,5.0,4.0,Villa
340000.0,Casablanca,"Appartement de 79m² avec 3m² terrasse en vente, Shems Al Mad...",82.0,4.0,3.0,2.0,Appartement
1800000.0,Casablanca,Vente d'un bel appartement à Mers Sultan. Surface de 117 m²,117.0,3.0,2.0,2.0,Appartement
1455000.0,Casablanca,Vend appartement à Californie. Superficie 97 m²,97.0,4.0,3.0,2.0,Appartement
2400000.0,Casablanca,"Appartement 3 chambres avec terrasses, Princesses",140.0,4.0,3.0,3.0,Appartement
17500000.0,Casablanca,Villa Moderne de 1065 m2 à Californie,1065.0,8.0,4.0,4.0,Villa
1685000.0,Casablanca,Appartement à l'achat à Californie. 2 chambres agréables,99.0,3.0,2.0,2.0,Appartement
1262750.0,Casablanca,Appartement neuf à vendre à Hay Hassani,104.0,4.0,,,Appartement
908487.0,Casablanca,2 chambres salon à vendre à hay Hassani,88.0,3.0,2.0,,Appartement
928324.0,Casablanca,Un 2 chambres salon à vendre en plein cœur de Casablanca,70.0,3.0,2.0,1.0,Appartement
1008080.0,Casablanca,Appartement de 90m2 neuf à vendre à Hay Hassani,90.0,3.0,2.0,1.0,Appartement
1750000.0,Casablanca,Bel appartment avec terrasse dans un quartier calme,146.0,5.0,3.0,3.0,Appartement
790000.0,Casablanca,Appartement à Khouzama 5 min CFC,70.0,4.0,3.0,2.0,Appartement
1880000.0,Casablanca,Appart 3ch à Bachkou,127.0,5.0,3.0,2.0,Appartement
870000.0,Casablanca,"Studio Haut Standing sur 2 Mars 
Qu les Hopitaux",43.0,2.0,1.0,1.0,Appartement
1070000.0,Casablanca,Bel appartement spacieux Bien ensolleie' a' vendre,140.0,6.0,5.0,2.0,Appartement
2000000.0,Casablanca,Appartement de 163 m2 à 2 mdhs,163.0,5.0,3.0,2.0,Appartement
2300000.0,Casablanca,Appartement à Vendre 153 m² à Hay Chrifa,153.0,3.0,3.0,2.0,Appartement
2590000.0,Casablanca,Grand Appartement Haut Standing Triangle d'Or,138.0,6.0,3.0,2.0,Appartement
1200000.0,Casablanca,PÉPITE Appartement traversant dans quartier villas,52.0,3.0,2.0,1.0,Appartement
690000.0,Casablanca,Bel Appartement de 65 m2 à vendre a oulfa,65.0,3.0,2.0,1.0,Appartement
,Casablanca,,,,,,
767000.0,Casablanca,Vente d'un bel appartement à Oulfa. Surface de 52 m²,52.0,,,,Appartement
780000.0,Casablanca,"Appartement 90m² en vente, Résidence Al Badr",90.0,4.0,3.0,2.0,Appartement
775500.0,Casablanca,Vente d'un bel appartement à Oulfa. 1 belle chambre,49.0,,,,Appartement
3250000.0,Casablanca,3 chambres plein sud à Californie,153.0,4.0,3.0,3.0,Appartement
1620000.0,Casablanca,Appartement de 118m² en vente avec place de parking titrée d...,118.0,5.0,3.0,2.0,Appartement
1560000.0,Casablanca,"Très bel appartement de 121 m2, Casa, Belvedere",121.0,4.0,2.0,2.0,Appartement
1600000.0,Casablanca,Appartement 130 m2 en vente avec place de parking,130.0,4.0,2.0,2.0,Appartement
335160.0,Settat,Belle Vue - Lots de villas,,,,,
1565000.0,Casablanca,"Très bel appartement de 119 m2, Casa, Belvedere",119.0,5.0,3.0,2.0,Appartement
960984.0,Casablanca,Appartement 2 chambres salon à vendre à Casablanca,75.0,3.0,2.0,1.0,Appartement
1262020.0,Casablanca,3 chambres salon neuf à vendre à Casablanca,102.0,4.0,3.0,1.0,Appartement
960984.0,Casablanca,Appartement de 75m2 neuf à vendre à Hay Hassani,75.0,3.0,2.0,1.0,Appartement
1262750.0,Casablanca,Appartement 104m2 à vendre à Hay Hassani,104.0,4.0,3.0,1.0,Appartement
1262020.0,Casablanca,Appartement 102m2 neuf à vendre à Hay Hassani,102.0,4.0,3.0,1.0,Appartement
1262750.0,Casablanca,Appartement de standing F4 à vendre à Hay Hassani,103.0,4.0,3.0,1.0,Appartement
5720000.0,Casablanca,Villa spacieuse de 369m2 à vendre à Ain Diab Extension,369.0,5.0,4.0,3.0,Villa
5892000.0,Casablanca,A vendre villa neuve 390m2 Ain Diab Extension,390.0,5.0,4.0,4.0,Villa
5892000.0,Casablanca,Villa neuve de 348m2 à vendre à Ain Diab Extension,348.0,5.0,4.0,4.0,Villa
6373000.0,Casablanca,A vendre villa de 420m2 à Ain Diab Extension,420.0,5.0,4.0,4.0,Villa
5975000.0,Casablanca,Très belle villa à vendre à Ain Diab Extension,344.0,5.0,4.0,4.0,Villa
5420000.0,Casablanca,Villa de 306m2 neuve à vendre à Ain Diab Extension,306.0,5.0,4.0,3.0,Villa
5485000.0,Casablanca,Magnifique villa à vendre à Ain Diab Extension,369.0,5.0,4.0,4.0,Villa
5474000.0,Casablanca,Villa spacieuse neuve à vendre à Ain Diab Extension,329.0,5.0,4.0,4.0,Villa
5975000.0,Casablanca,A vendre villa neuve de 344m2 à Ain Diab Extension,344.0,5.0,4.0,4.0,Villa
1900000.0,Casablanca,Appartement ensoleillé centre de Casablanca,134.0,4.0,3.0,2.0,Appartement
1450000.0,Casablanca,Très bel appartement de 113 m² à Hay El WIAM CFC,113.0,5.0,3.0,2.0,Appartement
4600000.0,Casablanca,Dernier Duplex à Aeria Park,185.0,5.0,3.0,3.0,Appartement
2190000.0,Casablanca,Apparemment Bachekou,138.0,4.0,2.0,2.0,Appartement
590000.0,Casablanca,Joli appartement à vendre,73.0,3.0,2.0,1.0,Appartement
1700000.0,Casablanca,Evasion Oasis Appartements neufs à l'Oasis,91.0,3.0,2.0,2.0,Appartement
6800000.0,Casablanca,"Villa 3 Façades, Jardin, proche Mall & Tramway",200.0,6.0,4.0,4.0,Villa
1050000.0,Casablanca,Appartement à vendre 90 m2 Palmier/Maârif,90.0,3.0,2.0,1.0,Appartement
3000000.0,Casablanca,"Grande maison à vendre à Hay Mohammadi,
Casablanca",500.0,20.0,10.0,6.0,Maison
290000.0,Casablanca,Appartement à vendre 47 m² à Casablanca,47.0,1.0,2.0,1.0,Appartement
,Casablanca,,,,,,
,Rabat,Villa de luxe à vendre à Hay El Menzah. 4 chambres,1000.0,6.0,4.0,2.0,Villa
,Rabat,Villa de luxe à vendre à Hay El Menzah. Superficie 600 m²,600.0,6.0,4.0,2.0,Villa
,Rabat,Somptueuse maison à vendre à Hay El Menzah. 4 chambres,600.0,,4.0,2.0,Villa
,Rabat,Maison de luxe à vendre à Hay El Menzah. Surface de 1200 m²,1200.0,6.0,4.0,2.0,Villa
,Rabat,Somptueuse villa à vendre à Hay El Menzah. 4 belles chambres,700.0,6.0,4.0,2.0,Villa
3900000.0,Rabat,DUPLEX sans vis à vis,227.0,4.0,2.0,3.0,Appartement
3850000.0,Rabat,Un magnifique appartement meublé à vendre,172.0,4.0,3.0,3.0,Appartement
1328000.0,Temara,Résidence Yasmine Temara,,,,,
3500000.0,Rabat,Appartement à vendre à l'Orangeraie,124.0,4.0,3.0,3.0,Appartement
14000000.0,Rabat,"Villa spacieuse A VENDRE à Souissi 
RABAT",2000.0,7.0,3.0,3.0,Villa
2550000.0,Rabat,"Appartement NEUF A VENDRE à Souissi 
RABAT",73.0,3.0,2.0,1.0,Appartement
,Rabat,Somptueuse maison à vendre à Hay El Menzah. 4 chambres,700.0,6.0,4.0,2.0,Villa
1550000.0,Rabat,2CH & Salon en vente à l'Agdal,100.0,3.0,2.0,2.0,Appartement
6500000.0,Rabat,Un magnifique appartement neuf à vendre,185.0,5.0,3.0,3.0,Appartement
,Rabat,Villa de luxe à vendre à Hay El Menzah. 4 chambres,600.0,,4.0,2.0,Villa
8200000.0,Rabat,Un magnifique penthouse à vendre,400.0,4.0,5.0,4.0,Appartement
1250000.0,Rabat,Un magnifique apt à vendre idéal pour airbnb,36.0,2.0,1.0,1.0,Appartement
9200000.0,Rabat,Magnifique villa à vendre idéal pr siège de Sté,840.0,6.0,4.0,3.0,Villa
21000000.0,Rabat,Belle Villa à vendre à souissi,1900.0,8.0,6.0,4.0,Villa
2300000.0,Rabat,Appartement a vendre à prestigia hay riad,98.0,4.0,2.0,2.0,Appartement
11000000.0,Rabat,"Magnifique villa à vendre à Quartier El Menzah 
5 belles cha...",870.0,10.0,5.0,4.0,Villa
,Rabat,Très bel appart 3p à agdal avec terrasse,158.0,3.0,2.0,2.0,Appartement
3500000.0,Rabat,Appartement à vendre Prestigia Rabat,143.0,4.0,3.0,2.0,Appartement
1490000.0,Rabat,Mon appartement duplex a vendre,101.0,5.0,3.0,2.0,Appartement
15000000.0,Rabat,Villa a vendre au rt el menzeh souissi,900.0,7.0,5.0,5.0,Villa
1950000.0,Rabat,Maison familiale à vendre,81.0,2.0,4.0,1.0,Maison
5600000.0,Rabat,Un magnifique duplex neuf à vendre,232.0,4.0,3.0,3.0,Appartement
6900000.0,Rabat,Un magnifique duplex neuf à vendre,233.0,4.0,3.0,3.0,Appartement
12000000.0,Rabat,Villa à raser au quartier des ambassadeurs,2000.0,6.0,4.0,4.0,Villa
5800000.0,Rabat,Un magnifique apt à vendre,222.0,5.0,4.0,3.0,Appartement
35000000.0,Rabat,Une magnifique villa meublée à louer,2500.0,9.0,7.0,5.0,Villa
27000000.0,Rabat,Une magnifique villa à vendre,3000.0,7.0,6.0,6.0,Villa
9200000.0,Rabat,Une villa à retaper à OLM,500.0,4.0,3.0,4.0,Villa
15000000.0,Rabat,Un magnifique villa à vendre,2200.0,6.0,5.0,5.0,Villa
,Rabat,,,,,,
2650000.0,Rabat,Appartement à vendre à agdal,142.0,4.0,3.0,2.0,Appartement
850000.0,Rabat,Appartement en vente à hay nahda fadesa. 3 chambres agréable...,85.0,4.0,3.0,2.0,Appartement
21000000.0,Rabat,"Maison de luxe à vendre à Souissi. 
8 pièces confortables",1900.0,8.0,4.0,4.0,Villa
8600000.0,Rabat,À Vendre – Villa de Prestige à Menzah sur l’Avenue Mohammed...,550.0,7.0,4.0,3.0,Villa
,Rabat,Villa d'exception,690.0,7.0,4.0,6.0,Villa
2500000.0,Rabat,"Spacieux Appartement à Vendre Agdal, Rabat",150.0,4.0,3.0,2.0,Appartement
16300000.0,Rabat,Vente Villa d’Exception Moderne à souissi Rabat,1000.0,9.0,5.0,5.0,Villa
1328000.0,Temara,Résidence Yasmine Temara,,,,,
28000000.0,Rabat,Vente Villa Rabat Souissi Orangeraie,930.0,10.0,5.0,4.0,Villa
16000000.0,Rabat,Splendide villa à vendre à Souissi. 4 grandes pièces. Parkin...,1166.0,4.0,5.0,6.0,Villa
1300000.0,Rabat,Très bel appartement à vendre haut HASSAN,113.0,5.0,3.0,1.0,Appartement
2900000.0,Rabat,Agence chamii,158.0,2.0,3.0,3.0,Appartement
1900000.0,Rabat,"Bel Appartement à vendre – Agdal, Rabat",120.0,3.0,2.0,1.0,Appartement
10000000.0,Rabat,Villa 1100m² A VENDRE à Hay RIAD,1100.0,7.0,4.0,3.0,Villa
,Rabat,Palace urbain,1500.0,19.0,9.0,12.0,Villa
7200000.0,Rabat,"Magnifique Villa moderne, El menzeh 
Rabat",600.0,7.0,4.0,4.0,Villa
4400000.0,Rabat,Appartement à vendre à Hay Riad,180.0,6.0,4.0,4.0,Appartement
24000000.0,Rabat,Bir Kacem Villa moderne avec ch. Central et piscine,1800.0,5.0,5.0,5.0,Villa
17000000.0,Rabat,Villa neuve standing a vendre les ambassadeurs,2200.0,8.0,5.0,4.0,Villa
5700000.0,Rabat,Appartement standin sans vis à vis a l orangeraie souissi,375.0,5.0,3.0,4.0,Appartement
2700000.0,Rabat,Riad Authentique à Vendre au Cœur de la Médina de Rabat,204.0,5.0,5.0,3.0,Riad
2800000.0,Rabat,Vente Appartement Rénové Hay Riad Rabat,126.0,7.0,3.0,2.0,Appartement
8500000.0,Rabat,Vente Villa Rabat Aviation,400.0,10.0,4.0,3.0,Villa
5000000.0,Rabat,Vente appartement prestige 230m² à hay riad,230.0,6.0,3.0,2.0,Appartement
15000000.0,Rabat,Un magnifique villa à vendre,2200.0,6.0,5.0,5.0,Villa
12500000.0,Rabat,Une villa à 1 mn de Ets JACQUES CHIRAC en vente,1700.0,7.0,6.0,4.0,Villa
5650000.0,Rabat,Villa à vendre hay raid,214.0,5.0,4.0,4.0,Villa
4200000.0,Rabat,"Appartement à l'achat à l orangerie Souissi. 
4 grandes pièc...",144.0,4.0,2.0,2.0,Appartement
2200000.0,Rabat,"Bel appartement à Hay El Fath, Rabat",156.0,5.0,3.0,2.0,Appartement
5500000.0,Rabat,Magnifique Riad traditionnel à l'ancienne médina,400.0,10.0,7.0,2.0,Riad
5500000.0,Rabat,Riad Authentique à l'Ancienne Médina de Rabat,350.0,11.0,7.0,3.0,Riad
8500000.0,Rabat,Villa Haut Standing à Hay Nahda,384.0,12.0,7.0,4.0,Villa
23000000.0,Rabat,Villa 7 chambres a vendre Suissi Rabat,2150.0,10.0,7.0,6.0,Villa
,Rabat,"Penthouse 206m² dernière étage, Orangeraie Souissi",200.0,5.0,2.0,2.0,Appartement
,Rabat,,,,,,
3600000.0,Rabat,Appartement Exceptionnel à vendre au Haut Agdal,189.0,7.0,4.0,2.0,Appartement
23000000.0,Rabat,Vente Villa Rabat Souissi Orangeraie,1400.0,8.0,6.0,6.0,Villa
7200000.0,Rabat,Vente Villa Rabat Hay Riad,550.0,9.0,5.0,3.0,Maison
17500000.0,Rabat,Villa à vendre à SOUISSI RABAT,1200.0,8.0,4.0,4.0,Villa
3600000.0,Rabat,Appartement secteur 23,202.0,5.0,3.0,3.0,Appartement
13500000.0,Rabat,Magnifique Villa Plain Pied à Vendre à Souissi,1910.0,6.0,4.0,3.0,Villa
28000000.0,Rabat,Villa de luxe en vente à Souissi,2000.0,7.0,5.0,5.0,Villa
810000.0,Salé,Al Baraka,,,,,
25000000.0,Rabat,Villa neuve à Souissi en vente,2000.0,8.0,6.0,4.0,Villa
5600000.0,Rabat,Rez de jardin en vente à L'orangeraie,222.0,5.0,3.0,2.0,Appartement
12000000.0,Rabat,Bel villa plein pied avec piscine à Souissi,2050.0,6.0,4.0,3.0,Villa
9500000.0,Rabat,Bel villa avec piscine à hay riad,545.0,6.0,4.0,3.0,Villa
10500000.0,Rabat,Jolie villa rénovée avec piscine à Hay Riad,750.0,6.0,3.0,2.0,Villa
8500000.0,Rabat,Villa en vente à hay Riad,550.0,5.0,4.0,2.0,Villa
2900000.0,Rabat,Duplex en vente à Mahaj Riad,130.0,4.0,3.0,2.0,Appartement
4650000.0,Rabat,Bel Appartement Dans Le Haut d'Agdal,172.0,4.0,3.0,2.0,Appartement
970000.0,Rabat,Vend appartement à L'Ocean. Surface totale 70 m². Salon trad...,70.0,3.0,2.0,2.0,Appartement
,Rabat,"Villa luxueux 6 Chambres à vendre– Souissi, Rabat",2750.0,9.0,6.0,6.0,Villa
2200000.0,Rabat,Bel appartement à vendre en Hassan Centre Ville. Surface tot...,101.0,4.0,2.0,2.0,Appartement
2450000.0,Rabat,Appartement en vente à pristigia Riyad. Surface de 91 m². Bi...,91.0,3.0,2.0,2.0,Appartement
20000000.0,Rabat,"Villa Haut standing à vendre ONEP 
Souissi Rabat",1900.0,10.0,4.0,4.0,Villa
3500000.0,Rabat,Appartement à vendre Prestigia Rabat,143.0,4.0,3.0,2.0,Appartement
3670000.0,Rabat,Vente appartement Rabat Agdal 150m² neuf,150.0,5.0,3.0,2.0,Appartement
3500000.0,Rabat,Vente appartement en rez de chausser Hassan,268.0,5.0,3.0,3.0,Appartement
3700000.0,Rabat,Appartement à vendre Hay Riad Rabat,192.0,5.0,3.0,2.0,Appartement
3700000.0,Rabat,Appartement à vendre Hay Riad Rabat,192.0,5.0,3.0,2.0,Appartement
13600000.0,Rabat,Villa à vendre au niveau de Hay Riad,1156.0,10.0,5.0,5.0,Villa
6550000.0,Rabat,Villa à vendre au niveau de Hay RIad,586.0,7.0,4.0,3.0,Villa
2300000.0,Rabat,Agdal Appartement spacieux à vendre,92.0,2.0,2.0,1.0,Appartement
1800000.0,Rabat,Appartement à vendre à Diour jamaa,89.0,3.0,2.0,2.0,Appartement
5000000.0,Rabat,Villa à vendre à HAY ALFATH,200.0,6.0,3.0,3.0,Villa
2800000.0,Rabat,Appartement meublé à vendre à Agdal,111.0,4.0,3.0,2.0,Appartement
1950000.0,Rabat,"À vendre appartement Agdal, Rabat",92.0,3.0,2.0,2.0,Appartement
16500000.0,Rabat,"À vendre belle villa Souissi, Rabat",1900.0,10.0,5.0,5.0,Villa
,Rabat,,,,,,
1296000.0,Marrakech,Appartement à l'achat à Route Casablanca. 2 chambres agréabl...,96.0,4.0,2.0,2.0,Appartement
6100000.0,Marrakech,Splendide villa à vendre à Route Casablanca. 4 chambres,418.0,,4.0,4.0,Villa
3900000.0,Marrakech,Villa plain pied exceptionenelle à route l'Ourika,568.0,5.0,5.0,3.0,Appartement
1112000.0,Marrakech,Superbe appartement à vendre à Guéliz. Superficie 44 m²,44.0,2.0,1.0,1.0,Appartement
3350000.0,Marrakech,Maison de haut standing à vendre à Route Amizmiz. Superficie...,260.0,4.0,3.0,3.0,Villa
1700000.0,Marrakech,Vente d'un bel appartement sur Avenue mohammed 6 - 3 chambre...,91.0,4.0,3.0,2.0,Appartement
6871500.0,Marrakech,Magnifique villa à vendre à Route de Fez. Surface totale 152...,1527.0,5.0,4.0,4.0,Villa
720000.0,Marrakech,Relief Residence II,,,,,
1700000.0,Marrakech,Duplex Neuf Guéliz – Livraison Immédiate,89.0,3.0,2.0,2.0,Appartement
4200000.0,Marrakech,Vente villa de luxe à Route de Tahanaout. 6 grandes pièces...,340.0,6.0,5.0,5.0,Villa
18100000.0,Marrakech,Duplux Neuf à Vendre à Guéliz Semlalia,91.0,3.0,2.0,2.0,Appartement
26100000.0,Marrakech,Appartement Neuf 154 m² avec Grande Terrasse,154.0,4.0,3.0,3.0,Appartement
1600000.0,Marrakech,Appartement Neuf à Guéliz 83 m² déclaré 100 %,83.0,3.0,2.0,2.0,Appartement
1550000.0,Marrakech,Appartement Neuf 83 m² à Guéliz Prix déclaré 100 %,83.0,3.0,2.0,2.0,Appartement
774000.0,Marrakech,Appartement à vendre à Guéliz. 1 belle chambre,43.0,2.0,1.0,1.0,Appartement
1292000.0,Marrakech,Appartement à l'achat à BD Abd khetabi. 2 belles chambres,76.0,3.0,2.0,2.0,Appartement
1200000.0,Marrakech,Appartement en vente à Rte Casablanca. 2 chambres,73.0,3.0,2.0,1.0,Appartement
8500000.0,Marrakech,Villa Front de golf,400.0,1.0,5.0,3.0,Villa
6500000.0,Marrakech,Villa prete dans 6 mois,444.0,1.0,4.0,3.0,Villa
4990000.0,Marrakech,Projet de 40 villa coller a prestigia,340.0,1.0,4.0,4.0,Villa
4300000.0,Marrakech,Villa residence vna,230.0,1.0,4.0,3.0,Villa
1110000.0,Marrakech,Superbe appartement à vendre à Guéliz. Surface de 67 m²,67.0,3.0,2.0,1.0,Appartement
1240000.0,Marrakech,Appartement à vendre à Guéliz. Surface de 77 m²,77.0,3.0,2.0,1.0,Appartement
750000.0,Marrakech,Superbe appartement à vendre à Guéliz. 1 chambre,44.0,2.0,1.0,1.0,Appartement
3600000.0,Marrakech,"Riyad Traditionnel Authentique à Bréman – Marrakech, 111m²...",111.0,8.0,5.0,2.0,Riad
1800000.0,Marrakech,Maison R2 a vendre 130M²,130.0,6.0,5.0,4.0,Maison
740000.0,Marrakech,Bel appartement à vendre à Mhamid. 3 pièces. Meublé,97.0,3.0,1.0,2.0,Appartement
3000000.0,Marrakech,Riad à vendre à Rmila. 4 chambres,125.0,7.0,4.0,2.0,Riad
450000.0,Marrakech,Vente appartement à Mhamid 10mn de l'aéroport. Ascenseur et...,56.0,3.0,3.0,1.0,Appartement
1150000.0,Marrakech,2 chambres rénové et meublé avec piscine et balcon,78.0,3.0,2.0,2.0,Appartement
1050000.0,Marrakech,Titre tres belle maison a Chwiter,225.0,6.0,3.0,3.0,Maison
5950000.0,Marrakech,Magnifique Villa Marrakech,487.0,12.0,9.0,5.0,Villa
1300000.0,Marrakech,Villa à vendre,140.0,4.0,4.0,3.0,Villa
360000.0,Marrakech,Magnifique Villa à Vendre Marrakech,200.0,5.0,4.0,3.0,Villa
,Marrakech,,,,,,
7900000.0,Marrakech,Villa de haut standing à vendre à Route Casablanca. Superfic...,635.0,,5.0,5.0,Villa
3300000.0,Marrakech,Villa 4 chambres avec Piscine privée vue Atlas,330.0,9.0,4.0,4.0,Villa
7000000.0,Marrakech,Villa À Vendre Titrée et VNA Grand Standing,387.0,6.0,4.0,4.0,Villa
783000.0,Marrakech,Vend appartement à Guéliz. Superficie 41 m²,41.0,2.0,1.0,1.0,Appartement
1377000.0,Marrakech,Superbe appartement à vendre à Guéliz. Surface de 81 m²,81.0,3.0,2.0,1.0,Appartement
780000.0,Marrakech,Appartement à l'achat à Guéliz. Surface totale 47 m²,47.0,2.0,1.0,1.0,Appartement
676500.0,Marrakech,Appartement moyen standing,41.0,3.0,1.0,1.0,Appartement
4800000.0,Marrakech,VILLA AGDAL,,,,,
1522000.0,Marrakech,Vente d'un bel appartement. 2 chambres agréables,88.0,3.0,2.0,1.0,Appartement
1200000.0,Marrakech,Appartement à vendre à Guéliz. Surface totale 75 m²,75.0,3.0,2.0,1.0,Appartement
750000.0,Marrakech,Appartement en vente à Guéliz. 1 chambre,45.0,2.0,1.0,1.0,Appartement
850000.0,Marrakech,Vend appartement à Guéliz. Surface de 51 m²,51.0,2.0,1.0,1.0,Appartement
810000.0,Marrakech,Bel appartement à vendre à Guéliz. Surface totale 47 m²,47.0,2.0,1.0,1.0,Appartement
760000.0,Marrakech,Superbe appartement à vendre à Guéliz. 1 belle chambre,44.0,2.0,1.0,1.0,Appartement
950000.0,Marrakech,Bel appartement à vendre à Guéliz. Superficie 52 m²,52.0,2.0,1.0,1.0,Appartement
720000.0,Marrakech,Vente d'un bel appartement à Guéliz. Superficie 43 m²,43.0,2.0,1.0,1.0,Appartement
770000.0,Marrakech,Appartement en vente à Guéliz. 1 belle chambre,49.0,2.0,1.0,1.0,Appartement
988000.0,Marrakech,Studio de 52 m² au centre ville Gueliz,52.0,1.0,1.0,1.0,Appartement
8500000.0,Marrakech,"Neuve, Quartier VIP, Incroyables Finitions",410.0,8.0,4.0,4.0,Villa
9750000.0,Marrakech,Splendide villa à vendre à Route de l'Ourika. 5 chambres agr...,922.0,7.0,5.0,6.0,Villa
9750000.0,Marrakech,Maison de luxe à vendre à Route de l'Ourika. 5 belles chambr...,920.0,7.0,5.0,6.0,Villa
9350000.0,Marrakech,Maison de luxe à vendre à Route de l'Ourika. 5 belles chambr...,1001.0,7.0,5.0,6.0,Villa
9550000.0,Marrakech,Vente villa de luxe à Route de l'Ourika. Surface totale 935...,935.0,7.0,5.0,6.0,Villa
9350000.0,Marrakech,Villa de haut standing à vendre à Route de l'Ourika,946.0,7.0,5.0,6.0,Villa
1368000.0,Marrakech,Studio et duplex a gueliz avec rooftop piscine,57.0,3.0,2.0,1.0,Appartement
3300000.0,Marrakech,Appartement de luxe 3 chambres Marrakech Plaza,164.0,6.0,3.0,2.0,Appartement
360000.0,Marrakech,Magnifique villa à vendre à Marrakech route de Fèz,200.0,4.0,3.0,3.0,Maison
4400000.0,Marrakech,Villa gros oeuvre titrée et cadastrée,299.0,1.0,3.0,3.0,Villa
960000.0,Marrakech,Appartement moderne 65m² rénové à Charaf,65.0,3.0,2.0,1.0,Appartement
4500000.0,Marrakech,Magnifique villa à vendre à Route de Fez. Surface totale 489...,489.0,6.0,6.0,6.0,Villa
600000.0,Marrakech,Appartement moderne et fonctionnel à Mhamid 9,89.0,3.0,2.0,1.0,Appartement
4900000.0,Marrakech,Villa à Vendre Prestigia Argan Golf Resort,321.0,8.0,4.0,4.0,Villa
604500.0,Marrakech,Investissez au coeur de Marrakech Piscine Rooftop,37.0,2.0,1.0,1.0,Appartement
1200000.0,Marrakech,Appartement à l'achat a golf noria. 2 grandes pièces. Meublé,40.0,2.0,1.0,1.0,Appartement
,Marrakech,,,,,,
2200000.0,Marrakech,Splendide villa à vendre à Route de Ouarzazate. Surface tota...,593.0,,4.0,2.0,Villa
7500000.0,Marrakech,Villa de haut standing à vendre à Route Casablanca. 5 chambr...,531.0,6.0,5.0,5.0,Villa
7600000.0,Marrakech,Magnifique villa à vendre à Route Casablanca. 5 chambres agr...,543.0,,5.0,5.0,Villa
6000000.0,Marrakech,Villa de haut standing à vendre à Route Casablanca. 4 belles...,405.0,5.0,4.0,4.0,Villa
886000.0,Marrakech,Prestigieux appartement f3,73.0,3.0,2.0,2.0,Appartement
10500000.0,Marrakech,"Villa de luxe à Route d'Amizmiz, Villa 9",1447.0,6.0,4.0,5.0,Villa
1400000.0,Marrakech,Superbe appartement F2 à vendre sur Avenue mohammed 6. Surfa...,67.0,2.0,1.0,2.0,Appartement
412500.0,Marrakech,Lots de terrain pour villas Shems Al Madina Marrakech,,,,,
10815000.0,Marrakech,"Somptueuse maison à Route d'Amizmiz, Villa 6",1395.0,6.0,4.0,5.0,Villa
9750000.0,Marrakech,Maison de haut standing à vendre à Route de l'Ourika. Surfac...,930.0,7.0,5.0,6.0,Villa
5500000.0,Marrakech,"Deco Architecte, Calme a 15min du Centre Ville",450.0,10.0,6.0,6.0,Villa
7900000.0,Marrakech,Élégante villa contemporaine sur un golf,465.0,10.0,6.0,7.0,Villa
2420000.0,Marrakech,Spacieux centrale et moderne,133.0,3.0,2.0,2.0,Appartement
2650000.0,Marrakech,"Neuf, hautes finitions, en plein coeur du centre",100.0,5.0,2.0,2.0,Appartement
2480000.0,Marrakech,Parfait investissement locatif,84.0,3.0,2.0,2.0,Appartement
3650000.0,Marrakech,Havre de paix,136.0,4.0,2.0,2.0,Appartement
1422000.0,Marrakech,Opportunité rare à agdal,61.0,2.0,1.0,1.0,Appartement
1500000.0,Marrakech,Investissement ideal a gueliz,59.0,2.0,1.0,1.0,Appartement
2350000.0,Marrakech,Emplacement premium à l’hivernage,102.0,3.0,2.0,1.0,Appartement
1285000.0,Marrakech,Incroyable Investissement en Plein Cœur du Centre,49.0,2.0,1.0,1.0,Appartement
895000.0,Marrakech,Meilleur investissement locatif,46.0,2.0,1.0,1.0,Appartement
1750000.0,Marrakech,Chic Moderne et centrale,44.0,1.0,1.0,1.0,Appartement
997500.0,Marrakech,Appartement à l'achat à Guéliz. 1 chambre,57.0,2.0,1.0,1.0,Appartement
5800000.0,Marrakech,Villa de luxe neuve avec piscine à vendre à Marrakech – Rout...,360.0,6.0,4.0,3.0,Villa
8500000.0,Marrakech,Villas haut standing route ourika km10,580.0,6.0,5.0,5.0,Villa
695000.0,Marrakech,Splendide Appartement Neuf à vendre à Marrakech,74.0,4.0,2.0,1.0,Appartement
1390000.0,Marrakech,Maison R2 commerciale choukia haut standing,315.0,6.0,4.0,2.0,Maison
1400000.0,Marrakech,Riad titré de 70m2 à vendre,70.0,6.0,5.0,2.0,Riad
5689200.0,Marrakech,Splendide villa à vendre à Route de l'Ourika. Surface de 108...,1081.0,6.0,5.0,7.0,Villa
918000.0,Marrakech,Vente d'un bel appartement à Guéliz. 1 belle chambre,54.0,2.0,1.0,1.0,Appartement
1640000.0,Marrakech,Villa d'exception a vendre Rare,550.0,8.0,4.0,4.0,Villa
2300000.0,Marrakech,Maison commerciale R2 neuve à vendre à Marrakech,96.0,9.0,4.0,3.0,Maison
1490000.0,Marrakech,Magnifique villa luxueuse,600.0,3.0,9.0,8.0,Villa
4200000.0,Marrakech,Villa titré,300.0,1.0,4.0,3.0,Villa
,Marrakech,,,,,,
1309500.0,Tanger,Appartement de 97m2 à vendre à Mesnana,97.0,3.0,2.0,1.0,Appartement
495000.0,Tanger,Vente d'un bel appartement à Route Nationale Assilah. 2 cham...,66.0,2.0,2.0,2.0,Appartement
,Tanger,Malabata Hills Appartement Haut Standing 91 m²,91.0,3.0,2.0,2.0,Appartement
985500.0,Tanger,Un 2 chambres salon à vendre à Tanger,73.0,2.0,1.0,1.0,Appartement
756000.0,Tanger,Appartement 2 chambres à vendre à Tanger,56.0,3.0,2.0,1.0,Appartement
1078000.0,Tanger,Joli appartement à vendre à Mesnana Tanger,98.0,3.0,2.0,1.0,Appartement
1215000.0,Tanger,Appartement de 90m2 à vendre à Mesnana,90.0,4.0,3.0,2.0,Appartement
21000000.0,Tanger,View Tower - Plateaux bureaux,,,,,
,Tanger,Vente d'un bel appartement à Marjane. 2 chambres agréables...,64.0,3.0,2.0,2.0,Appartement
1305250.0,Tanger,Joli appartement à vendre à Mesnana Tanger,113.0,3.0,3.0,2.0,Appartement
1161000.0,Tanger,Un 3 pièces à vendre à Mesnana Tanger,86.0,3.0,2.0,1.0,Appartement
,Tanger,Des Appartements à vendre Tanger,58.0,1.0,2.0,1.0,Appartement
1155000.0,Tanger,Très bel appartement à vendre à Mesnana Tanger,110.0,5.0,3.0,2.0,Appartement
1046500.0,Tanger,Superbe appartement à vendre à Mesnana Tanger,91.0,4.0,2.0,1.0,Appartement
1165000.0,Tanger,Superbe appartement à vendre à Mesnana Tanger,111.0,5.0,3.0,2.0,Appartement
2800000.0,Tanger,"Appart a 1 min de la.
Gare",100.0,1.0,2.0,2.0,Appartement
13000000.0,Tanger,Villa haut standing vue sur mer Mnar,350.0,2.0,6.0,5.0,Villa
1406500.0,Tanger,Beau F4 à vendre à Mesnana Tanger,97.0,4.0,3.0,2.0,Appartement
1127000.0,Tanger,Joli appartement à vendre à Mesnana Tanger,98.0,3.0,2.0,1.0,Appartement
972000.0,Tanger,Appartement F3 à vendre à Mesnana Tanger,72.0,3.0,2.0,1.0,Appartement
1302750.0,Tanger,Beau 2 chambres salon à vendre à Mesnana Tanger,97.0,3.0,2.0,1.0,Appartement
918000.0,Tanger,Appartement à vendre à Mesnana Tanger,68.0,3.0,2.0,1.0,Appartement
1255500.0,Tanger,Appartement F3 à vendre à Mesnana,86.0,3.0,2.0,1.0,Appartement
1069500.0,Tanger,2 chambres 1 salon à vendre à Mesnana Tanger,93.0,3.0,2.0,1.0,Appartement
2600000.0,Tanger,Maison de haut standing à vendre à Branes Kdima. 5 chambres...,224.0,6.0,5.0,3.0,Villa
880000.0,Tanger,Spacieux Appartement à vendre à Val Fleuri,154.0,5.0,3.0,1.0,Appartement
6300000.0,Tanger,Appartement unique 182m2 3 façades vue mer Espagne,182.0,6.0,4.0,4.0,Appartement
1000000.0,Tanger,R 4 a vendre au coeur de Tanger,140.0,2.0,2.0,2.0,Maison
2300000.0,Tanger,"Appartement à vendre à Ghandouri. 3 chambres. Piscine, clima...",147.0,6.0,3.0,2.0,Appartement
,Tanger,Appartement 2 façade Vue Baie de Tanger avec piscine,100.0,3.0,2.0,2.0,Appartement
7900000.0,Tanger,"Villa vue mer, piscine, 6 chbre 5 sdb, 1650m",650.0,13.0,6.0,5.0,Villa
2500000.0,Tanger,Fantastique maison de campagne avec des vues spectaculaires,460.0,6.0,4.0,3.0,Maison
5500000.0,Tanger,Villa à Achakkar vue sur mer,263.0,5.0,3.0,3.0,Villa
135000.0,Tanger,Superbe appartement à vendre à Mesnana. 2 pièces confortable...,67.0,2.0,3.0,2.0,Appartement
,Tanger,,,,,,
1000500.0,Tanger,Agréable appartement à vendre à Mesnana Tanger,87.0,3.0,2.0,1.0,Appartement
12800.0,Tanger,Résidences sécurisé avec piscine à Tanger,90.0,6.0,3.0,1.0,Appartement
,Tanger,Appartement en vente à Tanja Balia. Surface de 70 m²,70.0,1.0,1.0,2.0,Appartement
1230500.0,Tanger,Un 2 chambres salon à vendre à Mesnana Tanger,107.0,3.0,2.0,1.0,Appartement
17500.0,Tanger,Appartement d'Exception à Malabata Hills – 182 m² Haut Stand...,182.0,3.0,2.0,2.0,Appartement
,Tanger,Bel appartement à vendre à Marjane. Surface de 74 m²,74.0,3.0,2.0,1.0,Appartement
,Tanger,"Appartement de 155m² en vente, Résidence Rumaisa",155.0,5.0,3.0,2.0,Appartement
1045000.0,Tanger,Les Jardins de Mesnana Golf Tranches 12 & 13,,,,,
,Tanger,Vend appartement à Tanja Balia. Surface totale 156,156.0,3.0,3.0,2.0,Appartement
1215000.0,Tanger,Appartement F4 neuf à vendre à Mesnana Tanger,90.0,4.0,3.0,2.0,Appartement
1493500.0,Tanger,3 chambres salon à vendre à Mesnana,103.0,4.0,3.0,2.0,Appartement
1134000.0,Tanger,2 chambres salon à vendre à Mesnana Tanger,79.0,3.0,2.0,1.0,Appartement
1288000.0,Tanger,Duplex de 112m2 à vendre à Tanger,112.0,4.0,3.0,2.0,Appartement
1255000.0,Tanger,Appartement d'une superficie de 93m2 à vendre à Mesnana,93.0,4.0,3.0,1.0,Appartement
1000500.0,Tanger,Appartement 2 chambres salon à vendre à Tanger,88.0,3.0,2.0,1.0,Appartement
1044000.0,Tanger,Beau F3 à vendre à Mesnana Tanger,72.0,3.0,2.0,1.0,Appartement
1322500.0,Tanger,Un appartement F4 à vendre à Mesnana Tanger,115.0,5.0,4.0,2.0,Appartement
,Tanger,Maison plein Kasbah idéale pour projet Airbnb,150.0,8.0,5.0,2.0,Maison
1261500.0,Tanger,Beau 3 chambres salon à vendre à Tanger,87.0,4.0,3.0,2.0,Appartement
958500.0,Tanger,Appartement en vente à Mesnana Tanger,84.0,3.0,2.0,1.0,Appartement
1311000.0,Tanger,Superbe appartement de 114m2 à vendre à Tanger,114.0,5.0,3.0,2.0,Appartement
1165000.0,Tanger,Magnifique appartement à vendre à Mesnana Tanger,111.0,3.0,3.0,2.0,Appartement
1403000.0,Tanger,Appartement 122m2 à vendre à Tanger,122.0,4.0,3.0,2.0,Appartement
1102000.0,Tanger,Appartement à vendre de 76m2 à Mesnana,76.0,3.0,2.0,1.0,Appartement
620000.0,Tanger,Appartement à vendre 68 m² à Tanger,68.0,2.0,2.0,2.0,Appartement
4500000.0,Tanger,Villa semie finie moujahidin,400.0,6.0,3.0,5.0,Villa
5800000.0,Tanger,Villa spacieuse à vendre à Tanger – 460m²,460.0,5.0,5.0,5.0,Villa
1860000.0,Tanger,Maison à l'achat à Administratif. Superficie 76 m². Meublé,76.0,4.0,7.0,4.0,Maison
1680000.0,Tanger,Appartement à l'achat à VAL FLEURY 3 chambres. Meublé,93.0,5.0,3.0,1.0,Appartement
7800000.0,Tanger,"Appartement à vendre à Tanger, proche Riad Ahlan",71.0,2.0,2.0,1.0,Appartement
1900000.0,Tanger,Brand New Lux Villa For Sale,600.0,10.0,5.0,6.0,Villa
670000.0,Tanger,"Appartement, casabarata, tanger",85.0,2.0,2.0,1.0,Appartement
,Tanger,Maison à vendre à l'ancienne médina de Tanger,93.0,4.0,6.0,4.0,Maison
12000.0,Tanger,Appartement Meublé à Louer – Malabata Skay17,140.0,5.0,2.0,2.0,Appartement
,Tanger,,,,,,
1144250.0,Tanger,Bel appartement à vendre à Mesnana Tanger,99.0,3.0,2.0,1.0,Appartement
,Tanger,Superbe appartement à vendre à Marjane. 3 grandes pièces. Pi...,89.0,3.0,3.0,2.0,Appartement
1078000.0,Tanger,Magnifique appartement à vendre à Mesnana Tanger,98.0,5.0,2.0,1.0,Appartement
600000.0,Tanger,Appartement à vendre à Tanger. 2 belles chambres,119.0,3.0,2.0,2.0,Appartement
6958000.0,Tanger,Superbe appartement à vendre à View tower. Surface totale 18...,189.0,3.0,4.0,3.0,Appartement
904500.0,Tanger,Appartement à vendre à Mesnana Tanger,67.0,3.0,2.0,1.0,Appartement
,Tanger,"Appartement de 119m² en vente, Résidence Rumaisa",119.0,5.0,3.0,2.0,Appartement
743000.0,Tanger,Les Jardins de Mesnana Golf Tranches 19 & 20,,,,,
864000.0,Tanger,Un 3 pièces à vendre à Mesnana Tanger,64.0,3.0,2.0,1.0,Appartement
1161500.0,Tanger,Très beau duplex de 101m2 à vendre à Tanger,101.0,3.0,2.0,1.0,Appartement
1311000.0,Tanger,Appartement spacieux de 114m2 à vendre à Mesnana Tanger,114.0,4.0,3.0,2.0,Appartement
1015000.0,Tanger,Appartement F3 neuf à vendre à Tanger,70.0,3.0,2.0,1.0,Appartement
737000.0,Tanger,Appartement de 67m2 à vendre à Mesnana Tanger,67.0,2.0,1.0,1.0,Appartement
972000.0,Tanger,Appartement F3 neuf à vendre à Mesnana Tanger,72.0,3.0,2.0,1.0,Appartement
2296000.0,Tanger,Vente Appartement 164m²QUARTIER ADMINISTRATIF Tanger Ref:,164.0,5.0,3.0,2.0,Appartement
729000.0,Tanger,Appartement 1 chambre salon à vendre à Tanger,54.0,2.0,1.0,1.0,Appartement
1377000.0,Tanger,Un 102m2 neuf à vendre à Mesnana à Tanger,102.0,4.0,3.0,2.0,Appartement
1073000.0,Tanger,Appartement de 74m2 à vendre à Tanger,74.0,3.0,2.0,1.0,Appartement
1498500.0,Tanger,Appartement 111m2 à vendre à Mesnana Tanger,111.0,4.0,3.0,2.0,Appartement
2000000.0,Tanger,Appartement stratégique au centre ville de Tanger,115.0,4.0,3.0,2.0,Appartement
2800000.0,Tanger,"Spacieux apparemment 4 chambres 
Hôpital espagnol",159.0,5.0,4.0,2.0,Appartement
2262000.0,Tanger,"Appartement 2 chambres, ensoleillé à vendre",88.0,6.0,2.0,2.0,Appartement
7800000.0,Tanger,Duplex lumineuse a vendre,240.0,12.0,4.0,3.0,Appartement
,Tanger,Villa de luxe vue sur mer a vendre,980.0,10.0,5.0,4.0,Villa
,Tanger,Projet en construction a tanja balia,53.0,2.0,2.0,1.0,Appartement
1300000.0,Tanger,Appartement a vendre a cote de la plage,84.0,3.0,2.0,1.0,Appartement
22500.0,Tanger,Appartement Spacieux et Lumineux à Vendre,101.0,3.0,2.0,2.0,Appartement
13000.0,Tanger,Des appartements à vendre à tanja balia,144.0,3.0,2.0,1.0,Appartement
850000.0,Tanger,Complexe riad salam Tanger,76.0,1.0,2.0,1.0,Appartement
150000.0,Tanger,Vend appartement à Cap Spartel. 3 chambres. Belle terrasse e...,84.0,4.0,3.0,1.0,Appartement
770000.0,Tanger,Trouvez votre maison à acheter à Al Amal. 2 pièces confortab...,60.0,2.0,2.0,1.0,Maison
2650000.0,Tanger,"Appartement en vente à madina Jadida. 
Surface totale 256 m²...",256.0,3.0,4.0,3.0,Appartement
3500000.0,Tanger,"Maison à vendre en Centre.
Superficie 140 m².
Porte sécurisé...",140.0,10.0,5.0,2.0,Maison
2400000.0,Tanger,Appartement de 3 chambres – Quartier Moulay Ismail,162.0,1.0,3.0,2.0,Appartement
,Tanger,,,,,,
1296000.0,Agadir,Appartement à l'achat à Hay Houda. 3 chambres agréables,108.0,4.0,3.0,2.0,Appartement
590000.0,Agadir,Vente d'un bel appartement à Haut Anza. Surface de 70 m²,70.0,3.0,2.0,1.0,Appartement
1464000.0,Agadir,Appartement à vendre à Hay Houda. Surface totale 122 m²,122.0,4.0,3.0,4.0,Appartement
890000.0,Agadir,Vente d'un bel appartement à Ville Nouvelle. Surface de 81 m...,81.0,4.0,3.0,2.0,Appartement
720000.0,Agadir,Appartement à l'achat à Abattoirs. Surface totale 120 m²,120.0,4.0,3.0,2.0,Appartement
1284000.0,Agadir,Vente d'un bel appartement à Hay Houda. 3 chambres,107.0,4.0,3.0,2.0,Appartement
48000.0,Agadir,Appartement en vente à Abattoirs. 2 belles chambres,80.0,,2.0,2.0,Appartement
966000.0,Agadir,Appartement en vente à Ville Nouvelle. Surface totale 84 m²,84.0,4.0,3.0,2.0,Appartement
1880000.0,Agadir,"Appartement en vente à Founti.
Surface totale 103 m².
Double...",103.0,3.0,2.0,2.0,Appartement
1800000.0,Agadir,Appartement neuf avec piscine à vendre Agadir Bay,87.0,3.0,2.0,2.0,Appartement
990000.0,Agadir,Appartement et raffiné à vendre à Riad salam,75.0,3.0,2.0,2.0,Appartement
2200000.0,Agadir,Appartement bien ensoleillé à l'achat à Founti. 3 pièces con...,115.0,3.0,2.0,2.0,Appartement
750000.0,Agadir,Appartement à vendre à Agadir,80.0,2.0,2.0,1.0,Appartement
1210000.0,Agadir,Appartement élégant et bien agencé à vendre à avenue hassan...,91.0,4.0,3.0,2.0,Appartement
1700000.0,Agadir,Appartement de standing à vendre à Agadir,80.0,2.0,2.0,1.0,Appartement
1570000.0,Agadir,Appartement d’exception à vendre Agadir,130.0,2.0,2.0,1.0,Appartement
720000.0,Agadir,Appartement à vendre à Agadir,72.0,2.0,2.0,1.0,Appartement
820000.0,Agadir,"Appartement de Standing à Tikiouine 
Agadir",81.0,2.0,2.0,1.0,Appartement
3250000.0,Agadir,Villa a vzndre sans intermédiaires,93.0,7.0,3.0,4.0,Villa
1110000.0,Agadir,Appart 3 pièces salon 2 sdb,111.0,3.0,3.0,2.0,Appartement
650000.0,Agadir,Appartement à vendre à jetsakane 77m²,77.0,3.0,2.0,2.0,Appartement
4650000.0,Agadir,Villa exceptionnelle sur le golf,240.0,7.0,6.0,4.0,Villa
6000000.0,Agadir,Maison de haut standing à vendre à Ben Serguaou. Surface tot...,300.0,5.0,5.0,4.0,Villa
310000.0,Agadir,Magnifique Riad sur les hauteurs d'Agadir,95.0,4.0,4.0,4.0,Riad
850000.0,Agadir,T3 titré quartier Hay Mohammadi,60.0,2.0,2.0,1.0,Appartement
1500000.0,Agadir,"Apparemment à vendre 
Agadir",148.0,4.0,3.0,1.0,Appartement
1500000.0,Agadir,"Vend appartement à Founti.
Superficie 100 m².
Ascenseur",100.0,3.0,2.0,2.0,Appartement
850000.0,Agadir,T3 titré quartier Hay Mohammadi,60.0,2.0,2.0,1.0,Appartement
1500000.0,Agadir,Appartement à vendre à Islane,119.0,4.0,3.0,2.0,Appartement
4800000.0,Agadir,Villa a vendre à Sonaba,300.0,8.0,5.0,3.0,Villa
2000000.0,Agadir,Appartement à l'achat à Hassan 2,120.0,3.0,2.0,2.0,Appartement
3000000.0,Agadir,Villa italien,120.0,7.0,3.0,2.0,Villa
2960000.0,Agadir,Villa semi fini,264.0,1.0,1.0,1.0,Villa
,Agadir,,,,,,
1260000.0,Agadir,Appartement à l'achat à Hay Houda. Surface de 105 m²,105.0,4.0,3.0,2.0,Appartement
540000.0,Agadir,Bel appartement à vendre à Abattoirs,90.0,4.0,3.0,2.0,Appartement
540000.0,Agadir,Appartement en vente à Abattoirs,90.0,4.0,3.0,2.0,Appartement
740000.0,Agadir,Studio à l'achat à Haut Founty. 1 chambre,40.0,2.0,1.0,1.0,Appartement
570000.0,Agadir,Appartement à l'achat à Haut Anza. Superficie 64 m²,64.0,3.0,2.0,1.0,Appartement
640000.0,Agadir,Vend appartement à Abattoirs,80.0,3.0,,,Appartement
957000.0,Agadir,Bel appartement à vendre à Ville Nouvelle. Surface de 87 m²,87.0,4.0,3.0,2.0,Appartement
980000.0,Agadir,Vend studio à Haut Founty. Superficie 56 m²,56.0,1.0,1.0,1.0,Appartement
1200000.0,Agadir,À vendre: Appartement de 91 m² au 1er étage,91.0,3.0,2.0,2.0,Appartement
13000000.0,Agadir,Villa à vendre,1000.0,5.0,3.0,2.0,Villa
8000000.0,Agadir,Villa de luxe a vendre,300.0,4.0,3.0,2.0,Villa
850000.0,Agadir,Appartement pour la vente à Hay Hassani,35.0,2.0,1.0,1.0,Appartement
1750000.0,Agadir,Bel Appartement a vendre,172.0,4.0,3.0,2.0,Appartement
4400000.0,Agadir,Magnifique appartement a Vendre a la Marina,150.0,3.0,2.0,2.0,Appartement
1200000.0,Agadir,Appartement avec ascenseur pour la vente,82.0,3.0,2.0,2.0,Appartement
17000000.0,Agadir,Évasion Paradisiaque Villa Illigh à Vendre,2500.0,9.0,7.0,7.0,Villa
10500000.0,Agadir,Villa 4 façade a vendre,894.0,9.0,6.0,8.0,Villa
6500000.0,Agadir,Villa à vendre à talborjt,380.0,7.0,4.0,2.0,Villa
1300000.0,Agadir,Appartement a vendre à Hassan 2,78.0,3.0,2.0,2.0,Appartement
1450000.0,Agadir,Appartement en vente à agadir bay,75.0,2.0,1.0,1.0,Appartement
15000000.0,Agadir,Villa illigh de style marocain a vendre,1640.0,7.0,5.0,4.0,Villa
86000.0,Agadir,Riad à vendre à Anza. 5 chambres. Terrasse et jardin,240.0,1.0,5.0,1.0,Riad
,Agadir,Studio confort,70.0,2.0,1.0,1.0,Appartement
9000.0,Agadir,Rez de jardin vide à louer a hay lhouda,600.0,4.0,3.0,1.0,Villa
1700000.0,Agadir,Bel appartement de 175m2 a vendre a av hassan 1er,175.0,5.0,3.0,2.0,Appartement
1900000.0,Agadir,Maison à vendre à charaf 3ch 140m²,140.0,4.0,3.0,2.0,Maison
2200000.0,Agadir,Villa gros oeuvre a vendre 164m2 semi fini a farah,164.0,1.0,1.0,1.0,Villa
2800000.0,Agadir,Belle villa 230m2 refaite a cite suisse,220.0,4.0,3.0,2.0,Villa
580000.0,Agadir,"Appartement en vente à Hay Salam. 
Surface totale 64 m². 
Av...",64.0,3.0,2.0,1.0,Appartement
3950000.0,Agadir,Belle villa a vendre a bensergaou de 340m2,340.0,6.0,4.0,2.0,Villa
11800000.0,Agadir,Appartement residence avec garage sous sol,98.0,3.0,2.0,2.0,Appartement
850000.0,Agadir,Appartement à vendre à Tilila. 3 chambres agréables. Ascense...,72.0,3.0,3.0,2.0,Appartement
780000.0,Agadir,Vend appartement à Hay Mohammadi. 3 pièces confortables,61.0,3.0,3.0,2.0,Appartement
,Agadir,,,,,,
8000.0,Agadir,Bels appartements a vendre au coeur d'agadir,80.0,4.0,2.0,2.0,Appartement
520000.0,Agadir,Appartement à vendre à Haut Anza. 2 belles chambres,53.0,3.0,2.0,1.0,Appartement
480000.0,Agadir,Vend appartement à Abattoirs. Superficie 80 m²,80.0,3.0,2.0,1.0,Appartement
1089000.0,Agadir,Appartement en vente à Hay Houda. 3 chambres,99.0,4.0,3.0,2.0,Appartement
980000.0,Agadir,Superbe duplex à vendre à Haut Founty. Surface de 52 m²,52.0,1.0,1.0,2.0,Appartement
830000.0,Agadir,Vend studio à Haut Founty. Superficie 46 m²,46.0,1.0,1.0,1.0,Appartement
1199700.0,Agadir,Superbe appartemen à vendre à Haut Founty. Superficie80m²,80.0,3.0,2.0,3.0,Appartement
1440000.0,Agadir,Vente d'un bel appartement à Hay Houda. Surface de 120 m²,120.0,,3.0,2.0,Appartement
650000.0,Agadir,Vente maison à Al Wifaq. 2 pièces confortables,44.0,2.0,2.0,3.0,Maison
1700000.0,Agadir,Maison à acheter à Hay Salam. Surface totale 100 m². Double...,100.0,3.0,2.0,3.0,Maison
,Agadir,Appartement moderne meublé à vendre,102.0,3.0,2.0,2.0,Appartement
540000.0,Agadir,Bel appartement à vendre à Hay Salam. 3 pièces confortables...,59.0,3.0,3.0,1.0,Appartement
4700000.0,Agadir,Très Jolie Villa moderne à vendre à Sonaba,300.0,6.0,4.0,3.0,Villa
690000.0,Agadir,Appartement à vendre à Hay Mohammadi. 3 chambres agréables,62.0,3.0,3.0,2.0,Appartement
,Agadir,"Bel appartement duplex à vendre à lesAmicales. 
3 chambres...",100.0,3.0,3.0,2.0,Appartement
680000.0,Agadir,Appartement à l'achat à Hay Mohammadi. 3 grandes pièces,62.0,3.0,3.0,1.0,Appartement
940000.0,Agadir,Appartement en vente à Hay Mohammadi. 3 grandes pièces,84.0,3.0,3.0,2.0,Appartement
500000.0,Agadir,Vente d'un bel appartement à Hay Mohammadi. 3 chambres,52.0,3.0,3.0,1.0,Appartement
1600000.0,Agadir,Maison à la vente à Amicales. Surface de 100 m²,100.0,3.0,3.0,1.0,Maison
800000.0,Agadir,Vente d'un bel appartement à Tilila. 3 grandes pièces. Ascen...,93.0,3.0,3.0,2.0,Appartement
600000.0,Agadir,Appartement stilia a vendre,57.0,5.0,3.0,1.0,Appartement
570000.0,Agadir,Bel appartement à vendre à Hay Salam. Superficie 74 m²,74.0,3.0,3.0,1.0,Appartement
1750000.0,Agadir,Superbe maison à vendre à Hay Mohammadi. 3 chambres,75.0,3.0,3.0,1.0,Maison
6000000.0,Agadir,Maison à vendre à Hay Mohammadi. 3 pièces,150.0,3.0,3.0,2.0,Maison
780000.0,Agadir,Studio à l'achat à Haut Founty. Superficie 44 m²,44.0,1.0,1.0,1.0,Appartement
800000.0,Agadir,Appartement à vendre à Hay Mohammadi. Surface totale 70 m²,70.0,3.0,3.0,2.0,Appartement
670000.0,Agadir,Bel appartement à vendre à Hay Mohammadi. 3 pièces,62.0,3.0,3.0,2.0,Appartement
720000.0,Agadir,Vente d'un bel appartement à Hay Mohammadi. 3 chambres,67.0,3.0,3.0,2.0,Appartement
1100000.0,Agadir,"Superbe appartement à vendre à Hay Houda. 
4 pièces conforta...",125.0,4.0,3.0,4.0,Appartement
740000.0,Agadir,"À vendre un étage 92 m2 à Anza 
Taddart",92.0,1.0,2.0,1.0,Maison
740000.0,Agadir,À vendre un étage 92 m2 semi fini à Anza Taddart,92.0,1.0,2.0,1.0,Appartement
740000.0,Agadir,"À vendre un étage 92 m2 à Anza 
Taddart",96.0,1.0,2.0,1.0,Appartement
740000.0,Agadir,"À vendre un étage 92 m2 à Anza 
Taddart",92.0,1.0,2.0,1.0,Appartement
,Agadir,,,,,,
